{
  "items": [
    {
      "id": "mojito",
      "image": "resources/assets/images/cocktails/mojito.jpg",
      "vegetarian": false
    },
    {
      "id": "pina_colada",
      "image": "resources/assets/images/cocktails/pina_colada.jpg",
      "vegetarian": false
    },
    {
      "id": "aperol_spritz",
      "image": "resources/assets/images/cocktails/aperol_spritz.jpg",
      "vegetarian": false
    },
    {
      "id": "margarita",
      "image": "resources/assets/images/cocktails/margarita.jpg",
      "vegetarian": false
    },
    {
      "id": "sex_on_the_beach",
      "image": "resources/assets/images/cocktails/sex_on_the_beach.jpg",
      "vegetarian": false
    },
    {
      "id": "cosmopolitan",
      "image": "resources/assets/images/cocktails/cosmopolitan.jpg",
      "vegetarian": false
    }
  ]
}
